{
  "project_info": {
    "project_number": "775060287433",
    "project_id": "recipefr-4b435",
    "storage_bucket": "recipefr-4b435.appspot.com"
  },
  "client": [
    {
      "client_info": {
        "mobilesdk_app_id": "1:775060287433:android:47a755915a5d72b5024218",
        "android_client_info": {
          "package_name": "com.example.recipeUAS"
        }
      },
      "oauth_client": [],
      "api_key": [
        {
          "current_key": "AIzaSyDKRcQf9H4G6710GPYnZH2vaSsb5OYFHKk"
        }
      ],
      "services": {
        "appinvite_service": {
          "other_platform_oauth_client": []
        }
      }
    }
  ],
  "configuration_version": "1"
}